encode_t,sample_t,other_t,total_t
5.884679794311523,649.7372786998749,5.788006782531738,661.4099652767181
